{"cameraMode":{"drawMode":0,"name":"Shaded","section":"Shading Mode"},"sceneLighting":true,"audioPlay":false,"sceneViewState":{"m_AlwaysRefresh":false,"showFog":true,"showSkybox":true,"showFlares":true,"showImageEffects":true,"showParticleSystems":true,"showVisualEffectGraphs":true,"m_FxEnabled":true},"in2DMode":false,"pivot":{"x":3.0895678997039797,"y":-3.7600271701812746,"z":11.527746200561524},"rotation":{"x":-0.16745862364768983,"y":-0.026027154177427293,"z":0.004421415738761425,"w":-0.985529363155365},"size":23.692264556884767,"orthographic":false}